date,region,product_category,revenue,cost,customer_count,satisfaction_score
2024-01-01,West,Electronics,81041,78488,319,3.29
2024-01-02,North,Clothing,118373,124813,209,4.43
2024-01-03,South,Furniture,68478,43161,319,3.04
2024-01-04,East,Furniture,86401,40511,217,3.78
2024-01-05,West,Furniture,182273,70716,196,3.77
2024-01-06,West,Groceries,181831,16893,76,2.76
2024-01-07,West,Electronics,198617,137460,435,4.5
2024-01-08,West,Groceries,123917,131318,267,4.25
2024-01-09,North,Furniture,82423,137655,321,3.0
2024-01-10,South,Electronics,191811,44825,320,3.58
2024-01-11,East,Groceries,162535,63798,158,3.27
2024-01-12,West,Groceries,28694,57149,344,4.84
2024-01-13,North,Electronics,180606,88504,240,4.17
2024-01-14,South,Clothing,126976,149320,87,4.86
2024-01-15,East,Furniture,131673,9480,425,4.42
2024-01-16,East,Electronics,90462,115707,487,4.48
2024-01-17,East,Groceries,194840,37766,356,3.28
2024-01-18,North,Electronics,75512,65196,181,4.62
2024-01-19,West,Groceries,16013,112959,119,3.34
2024-01-20,East,Groceries,101380,3869,77,4.57
2024-01-21,North,Clothing,82698,103404,209,4.27
2024-01-22,North,Groceries,97182,83289,279,3.77
2024-01-23,West,Groceries,21772,111206,390,2.93
2024-01-24,West,Electronics,53878,4867,348,4.0
2024-01-25,North,Furniture,19183,67792,352,4.06
2024-01-26,North,Clothing,105915,115126,492,4.21
2024-01-27,West,Electronics,33000,80754,368,2.67
2024-01-28,West,Clothing,94560,117810,207,3.12
2024-01-29,East,Furniture,72249,131655,124,3.9
2024-01-30,East,Electronics,53950,49701,286,4.63
2024-01-31,West,Clothing,190226,110755,177,3.08
2024-02-01,North,Groceries,167832,120639,461,4.74
2024-02-02,North,Clothing,173416,29781,343,4.94
2024-02-03,West,Clothing,84223,48978,408,2.72
2024-02-04,South,Clothing,167419,66771,157,4.31
2024-02-05,North,Electronics,14658,136039,241,3.49
2024-02-06,North,Electronics,110107,104678,437,2.84
2024-02-07,West,Electronics,97946,25683,304,3.06
2024-02-08,South,Groceries,91956,104008,487,3.4
2024-02-09,North,Electronics,192090,62240,388,2.54
2024-02-10,West,Groceries,59713,85892,154,4.24
2024-02-11,South,Clothing,112520,79725,378,3.63
2024-02-12,North,Furniture,178580,69503,273,3.36
2024-02-13,East,Furniture,124568,5032,313,4.67
2024-02-14,North,Furniture,169014,105373,364,4.92
2024-02-15,South,Clothing,149859,120063,133,3.65
2024-02-16,East,Groceries,123716,87976,256,3.28
2024-02-17,East,Groceries,136538,18600,217,4.01
2024-02-18,North,Groceries,80023,126723,170,3.51
2024-02-19,East,Groceries,76018,138418,115,4.73
2024-02-20,South,Electronics,82050,35274,94,3.22
2024-02-21,West,Furniture,178459,36580,469,2.82
2024-02-22,West,Groceries,31540,79926,195,2.54
2024-02-23,West,Electronics,156019,128193,241,2.93
2024-02-24,North,Clothing,140769,37657,66,2.74
2024-02-25,West,Clothing,105160,8700,234,4.78
2024-02-26,North,Groceries,146912,57530,172,4.2
2024-02-27,South,Furniture,160168,15440,347,3.95
2024-02-28,North,Clothing,19000,145589,462,4.86
2024-02-29,North,Electronics,24877,60086,147,4.05
2024-03-01,East,Furniture,121346,117904,184,4.27
2024-03-02,West,Groceries,28591,20201,371,2.9
2024-03-03,South,Clothing,88854,134758,123,3.22
2024-03-04,North,Groceries,104867,93234,152,4.04
2024-03-05,North,Electronics,136825,67985,342,4.59
2024-03-06,North,Clothing,131704,108879,138,3.21
2024-03-07,West,Furniture,40586,105526,324,3.63
2024-03-08,West,Groceries,162905,112186,170,3.21
2024-03-09,East,Furniture,91712,36061,112,3.22
2024-03-10,South,Groceries,9737,60045,20,3.94
2024-03-11,West,Groceries,7542,103533,176,4.8
2024-03-12,North,Electronics,21194,102976,200,4.94
2024-03-13,South,Furniture,21367,73303,431,3.91
2024-03-14,West,Electronics,188326,69843,229,2.56
2024-03-15,West,Electronics,88159,10490,384,3.19
2024-03-16,North,Furniture,56952,141837,20,4.14
2024-03-17,West,Groceries,23733,78843,363,4.81
2024-03-18,North,Groceries,107188,101601,101,2.87
2024-03-19,South,Electronics,41944,23889,215,4.57
2024-03-20,North,Groceries,42543,14798,306,4.7
2024-03-21,West,Furniture,47733,73982,403,2.72
2024-03-22,South,Electronics,47433,103165,495,4.76
2024-03-23,West,Groceries,130280,82805,291,3.99
2024-03-24,West,Electronics,104119,82648,296,4.62
2024-03-25,West,Clothing,152194,137317,449,4.18
2024-03-26,South,Electronics,23047,104180,326,4.2
2024-03-27,West,Electronics,168405,90210,125,4.69
2024-03-28,West,Electronics,123219,63666,159,4.41
2024-03-29,North,Clothing,186543,13882,360,3.52
2024-03-30,West,Furniture,167699,27751,292,3.46
2024-03-31,South,Electronics,102121,106807,455,4.92
2024-04-01,West,Electronics,93869,64249,290,3.16
2024-04-02,East,Clothing,46270,97542,181,3.44
2024-04-03,South,Clothing,154080,50704,417,2.86
2024-04-04,South,Furniture,161570,122401,474,3.35
2024-04-05,South,Electronics,61276,14040,271,3.96
2024-04-06,South,Clothing,39720,67580,440,2.98
2024-04-07,South,Electronics,39214,83031,153,3.56
2024-04-08,West,Groceries,122881,143720,106,4.02
2024-04-09,West,Groceries,172219,95524,86,3.46
2024-04-10,East,Groceries,119140,29862,499,4.39
2024-04-11,West,Groceries,82936,139224,339,3.79
2024-04-12,East,Electronics,8500,81429,30,3.31
2024-04-13,East,Groceries,171730,142185,368,4.31
2024-04-14,South,Electronics,69511,116138,57,3.88
2024-04-15,West,Furniture,130130,4972,450,3.63
2024-04-16,West,Electronics,112056,55106,267,2.9
2024-04-17,West,Clothing,61680,36656,198,4.97
2024-04-18,East,Groceries,133002,24841,309,2.93
2024-04-19,West,Electronics,83823,80909,148,3.46
2024-04-20,North,Electronics,9255,103518,343,3.96
2024-04-21,North,Groceries,31127,51392,194,4.83
2024-04-22,South,Furniture,161333,48881,322,3.25
2024-04-23,West,Furniture,24193,39382,75,2.79
2024-04-24,South,Groceries,190222,35758,278,4.27
2024-04-25,South,Electronics,145793,24632,20,4.88
2024-04-26,North,Clothing,59868,139497,20,3.63
2024-04-27,West,Furniture,114206,114269,444,5.0
2024-04-28,East,Clothing,166672,61980,187,3.3
2024-04-29,East,Groceries,126745,71769,212,4.7
2024-04-30,North,Clothing,146855,115389,118,2.5
2024-05-01,North,Electronics,76111,66251,497,4.2
2024-05-02,South,Electronics,188594,85178,179,4.71
2024-05-03,North,Groceries,133859,44242,115,3.2
2024-05-04,West,Furniture,81797,56174,77,4.62
2024-05-05,West,Electronics,92967,89077,373,4.0
2024-05-06,West,Furniture,64706,57319,83,3.3
2024-05-07,North,Furniture,66862,120286,318,2.61
2024-05-08,North,Electronics,22585,8507,290,4.15
2024-05-09,West,Furniture,61046,61040,47,3.44
2024-05-10,North,Clothing,132775,52725,472,3.86
2024-05-11,East,Groceries,161439,79550,300,3.0
2024-05-12,East,Electronics,82408,104552,253,2.55
2024-05-13,East,Electronics,161928,10844,41,2.74
2024-05-14,West,Groceries,111979,80447,468,4.1
2024-05-15,West,Clothing,75576,125342,108,2.82
2024-05-16,West,Furniture,148764,45891,248,3.24
2024-05-17,South,Clothing,179272,71208,346,3.98
2024-05-18,East,Groceries,155331,121488,465,3.18
2024-05-19,West,Groceries,172414,140034,365,3.68
2024-05-20,West,Groceries,90762,55797,350,3.53
2024-05-21,South,Electronics,74830,123093,493,4.44
2024-05-22,North,Groceries,105514,29084,135,3.51
2024-05-23,North,Groceries,23288,130486,352,3.21
2024-05-24,West,Clothing,19001,114540,65,4.96
2024-05-25,South,Electronics,199925,132625,330,2.93
2024-05-26,North,Furniture,137342,130096,186,4.1
2024-05-27,East,Groceries,42916,106184,480,4.06
2024-05-28,East,Electronics,64268,70280,387,3.37
2024-05-29,South,Clothing,38071,20872,121,4.36
2024-05-30,East,Electronics,5148,128379,476,4.38
2024-05-31,South,Groceries,107033,103607,316,3.69
2024-06-01,North,Groceries,155823,101842,294,3.31
2024-06-02,West,Furniture,91998,13685,283,2.78
2024-06-03,West,Electronics,190682,107692,137,4.67
2024-06-04,South,Furniture,96615,105053,409,4.96
2024-06-05,East,Groceries,72671,139665,361,3.2
2024-06-06,West,Electronics,102808,74560,301,3.3
2024-06-07,South,Electronics,141337,5241,125,4.11
2024-06-08,North,Electronics,66575,120407,357,4.45
2024-06-09,North,Furniture,44229,91622,411,4.61
2024-06-10,South,Electronics,14458,137558,453,4.42
2024-06-11,South,Electronics,146347,90992,19,4.2
2024-06-12,South,Groceries,96504,36968,140,4.05
2024-06-13,East,Clothing,118088,47388,275,2.54
2024-06-14,North,Furniture,47845,81777,460,3.72
2024-06-15,North,Furniture,92198,72809,294,4.27
2024-06-16,East,Electronics,6097,148383,80,3.26
2024-06-17,East,Electronics,64320,86081,188,3.12
2024-06-18,East,Furniture,46840,141266,191,3.53
2024-06-19,North,Furniture,37905,65237,434,3.86
2024-06-20,East,Groceries,144905,149162,300,2.53
2024-06-21,North,Clothing,64408,129314,457,4.38
2024-06-22,East,Electronics,75287,93036,459,4.27
2024-06-23,West,Clothing,107894,65377,102,3.06
2024-06-24,East,Clothing,12786,12167,118,3.12
2024-06-25,East,Clothing,65634,77511,354,2.94
2024-06-26,North,Electronics,108459,98854,43,3.53
2024-06-27,South,Clothing,155466,31184,117,4.9
2024-06-28,South,Clothing,22427,146645,391,3.48
2024-06-29,East,Groceries,131797,125881,224,4.81
2024-06-30,East,Groceries,41646,107890,441,2.95
2024-07-01,South,Clothing,190375,38347,139,3.1
2024-07-02,South,Groceries,78227,15137,167,3.77
2024-07-03,West,Furniture,118471,101656,308,2.88
2024-07-04,South,Electronics,166535,133130,378,2.78
2024-07-05,East,Clothing,119219,131245,127,4.18
2024-07-06,North,Clothing,154505,43419,451,3.36
2024-07-07,South,Groceries,188950,92073,464,4.25
2024-07-08,North,Electronics,129498,73936,492,3.07
2024-07-09,North,Clothing,184639,35098,172,3.25
2024-07-10,East,Groceries,173099,18562,304,4.73
2024-07-11,West,Electronics,42002,12762,296,3.95
2024-07-12,South,Furniture,195178,55500,193,2.81
2024-07-13,South,Groceries,9730,22255,185,3.55
2024-07-14,West,Groceries,8078,122107,55,2.75
2024-07-15,South,Groceries,141458,70360,419,2.67
2024-07-16,North,Clothing,163894,15303,33,3.91
2024-07-17,West,Furniture,91841,66190,239,2.78
2024-07-18,North,Clothing,123682,7925,497,3.04
2024-07-19,South,Groceries,60925,49293,323,2.68
2024-07-20,West,Furniture,55030,60833,300,2.78
2024-07-21,East,Electronics,133910,31900,18,3.62
2024-07-22,North,Electronics,83343,17913,199,2.91
2024-07-23,South,Electronics,87239,95087,146,3.29
2024-07-24,South,Furniture,109669,125587,124,3.59
2024-07-25,South,Electronics,120614,48294,365,2.99
2024-07-26,East,Groceries,119794,23333,213,2.84
2024-07-27,West,Clothing,137952,139568,190,2.87
2024-07-28,North,Groceries,163764,95882,323,4.85
2024-07-29,North,Clothing,138832,118640,309,3.37
2024-07-30,West,Groceries,57152,20447,123,3.64
2024-07-31,West,Groceries,101041,145426,390,4.38
2024-08-01,West,Groceries,186098,134638,65,4.47
2024-08-02,South,Groceries,136160,54637,404,4.24
2024-08-03,North,Furniture,106966,63022,190,4.73
2024-08-04,North,Electronics,24001,109445,31,3.83
2024-08-05,South,Clothing,61291,103923,419,2.91
2024-08-06,North,Electronics,144599,98165,498,4.03
2024-08-07,West,Clothing,125330,143507,449,3.63
2024-08-08,South,Groceries,86313,20200,66,4.57
2024-08-09,East,Furniture,147975,94549,263,3.11
2024-08-10,South,Groceries,97394,56958,183,4.19
2024-08-11,East,Electronics,111971,36353,147,2.53
2024-08-12,West,Furniture,150196,108037,362,3.46
2024-08-13,West,Furniture,74681,129273,341,3.37
2024-08-14,West,Electronics,112549,110171,324,2.74
2024-08-15,East,Electronics,129703,123964,180,4.55
2024-08-16,West,Furniture,196496,78915,176,4.57
2024-08-17,North,Clothing,71814,92918,234,3.13
2024-08-18,North,Furniture,132979,12264,434,4.28
2024-08-19,South,Clothing,92664,3274,84,4.76
2024-08-20,West,Clothing,90753,33345,105,3.95
2024-08-21,South,Electronics,178512,127036,403,3.42
2024-08-22,North,Clothing,104927,39891,212,4.21
2024-08-23,South,Electronics,155783,115829,142,3.49
2024-08-24,West,Furniture,71852,84026,32,3.93
2024-08-25,West,Groceries,61894,38131,478,4.15
2024-08-26,South,Electronics,59672,67065,499,3.23
2024-08-27,South,Groceries,99085,5860,91,4.16
2024-08-28,North,Furniture,105138,96026,354,3.77
2024-08-29,North,Groceries,129876,33581,477,3.98
2024-08-30,West,Furniture,120692,148182,295,3.22
2024-08-31,East,Clothing,136923,139133,59,4.36
2024-09-01,South,Electronics,57163,43238,498,2.87
2024-09-02,South,Electronics,13422,146654,51,3.7
2024-09-03,East,Furniture,28601,74499,262,3.83
2024-09-04,North,Groceries,176581,121458,86,2.52
2024-09-05,East,Furniture,7545,106585,97,4.49
2024-09-06,West,Clothing,104765,110583,310,3.89
2024-09-07,North,Furniture,107818,95538,172,2.7
2024-09-08,West,Furniture,155128,82473,50,4.62
2024-09-09,East,Groceries,54861,82793,434,4.28
2024-09-10,East,Groceries,52184,66478,416,4.79
2024-09-11,South,Electronics,192043,113545,144,4.2
2024-09-12,South,Clothing,118178,54488,422,3.76
2024-09-13,South,Clothing,142645,84840,159,4.48
2024-09-14,South,Clothing,52889,68944,387,3.4
2024-09-15,West,Furniture,174779,124241,140,3.59
2024-09-16,South,Clothing,64816,39116,220,3.39
2024-09-17,West,Groceries,28637,93741,457,3.32
2024-09-18,East,Groceries,67148,94641,398,4.86
2024-09-19,North,Groceries,153705,77870,33,3.77
2024-09-20,North,Electronics,164235,73414,274,3.77
2024-09-21,South,Clothing,79431,11986,262,3.45
2024-09-22,South,Groceries,143574,40749,471,3.32
2024-09-23,East,Clothing,104075,62957,39,3.08
2024-09-24,South,Furniture,180665,16696,164,4.87
2024-09-25,South,Groceries,79374,47811,344,4.33
2024-09-26,West,Clothing,33758,98297,54,3.7
2024-09-27,West,Electronics,127295,138013,47,3.99
2024-09-28,East,Furniture,29566,89627,112,4.6
2024-09-29,North,Electronics,100943,7682,421,3.42
2024-09-30,South,Groceries,118985,74940,476,3.21
2024-10-01,East,Furniture,9685,43384,253,3.69
2024-10-02,East,Groceries,88893,43306,466,3.65
2024-10-03,East,Groceries,143067,119248,55,4.58
2024-10-04,North,Groceries,154606,134577,150,4.74
2024-10-05,East,Furniture,147532,94251,92,4.65
2024-10-06,West,Clothing,179137,8222,183,4.24
2024-10-07,North,Clothing,97368,35317,13,3.82
2024-10-08,North,Electronics,24531,15361,477,2.94
2024-10-09,West,Clothing,152667,133160,89,4.83
2024-10-10,South,Electronics,15047,131293,448,4.64
2024-10-11,North,Clothing,170372,46327,190,3.82
2024-10-12,South,Clothing,108759,122542,27,4.39
2024-10-13,North,Furniture,68932,56823,133,4.75
2024-10-14,East,Clothing,166384,9645,74,3.26
2024-10-15,West,Groceries,25378,137141,377,3.93
2024-10-16,East,Furniture,134155,28353,105,4.9
2024-10-17,East,Groceries,75141,30892,337,3.06
2024-10-18,North,Furniture,50721,71795,97,2.88
2024-10-19,West,Groceries,23908,76310,184,4.87
2024-10-20,South,Clothing,175626,118269,228,4.69
2024-10-21,West,Clothing,194089,101715,243,2.61
2024-10-22,North,Electronics,27633,70046,359,3.95
2024-10-23,East,Furniture,54259,136509,112,4.11
2024-10-24,West,Groceries,81607,69573,448,4.29
2024-10-25,North,Electronics,162526,147515,365,4.04
2024-10-26,North,Groceries,6049,72267,402,3.91
2024-10-27,North,Electronics,158844,120996,340,4.02
2024-10-28,North,Electronics,71345,17857,413,4.05
2024-10-29,South,Furniture,94624,64337,140,2.73
2024-10-30,East,Electronics,30823,116636,72,2.93
2024-10-31,North,Clothing,115653,53668,380,3.22
2024-11-01,East,Electronics,162770,19476,129,4.82
2024-11-02,North,Electronics,31575,37138,55,3.67
2024-11-03,West,Clothing,165314,136554,28,4.03
2024-11-04,West,Electronics,68215,95434,352,4.92
2024-11-05,South,Electronics,182817,54298,318,2.75
2024-11-06,South,Furniture,140766,100232,182,2.98
2024-11-07,North,Groceries,164524,41551,451,3.2
2024-11-08,South,Electronics,148967,86971,106,4.8
2024-11-09,West,Groceries,139084,74599,445,4.3
2024-11-10,East,Furniture,188749,118413,233,2.83
2024-11-11,North,Furniture,117311,27412,494,2.68
2024-11-12,North,Clothing,136620,136809,289,2.92
2024-11-13,North,Electronics,177303,126385,30,4.79
2024-11-14,South,Furniture,162904,7909,291,3.55
2024-11-15,North,Groceries,139317,145227,397,4.67
2024-11-16,West,Electronics,109981,71832,470,4.62
2024-11-17,South,Furniture,114205,137959,205,4.92
2024-11-18,South,Groceries,114597,94130,81,3.86
2024-11-19,South,Furniture,122252,140575,309,3.18
2024-11-20,East,Groceries,109814,49898,485,3.79
2024-11-21,East,Electronics,70852,137637,72,4.73
2024-11-22,North,Furniture,48821,32027,346,4.87
2024-11-23,North,Electronics,78777,74758,213,3.49
2024-11-24,West,Groceries,66140,128252,41,3.72
2024-11-25,West,Groceries,103286,125665,26,4.49
2024-11-26,North,Groceries,52950,80880,304,3.49
2024-11-27,West,Furniture,103887,138552,142,3.1
2024-11-28,East,Clothing,169374,29009,13,3.2
2024-11-29,East,Groceries,65173,3988,484,3.7
2024-11-30,North,Furniture,20118,26889,261,3.1
2024-12-01,East,Groceries,74638,43090,344,4.41
2024-12-02,West,Furniture,21690,30034,62,4.17
2024-12-03,East,Clothing,193454,78574,133,4.83
2024-12-04,East,Furniture,188870,107298,413,4.37
2024-12-05,South,Groceries,21878,122602,34,3.63
2024-12-06,West,Clothing,134080,13000,13,2.96
2024-12-07,South,Electronics,30642,25527,342,3.09
2024-12-08,South,Electronics,31819,92981,444,4.72
2024-12-09,North,Groceries,119387,115438,411,4.09
2024-12-10,West,Clothing,34790,3144,80,2.77
2024-12-11,West,Clothing,146732,149284,19,3.75
2024-12-12,South,Clothing,87192,111416,119,4.42
2024-12-13,East,Electronics,154373,101878,37,4.51
2024-12-14,North,Clothing,188618,86193,279,4.6
2024-12-15,South,Groceries,39568,132470,385,4.78
2024-12-16,West,Clothing,47477,39115,432,3.71
2024-12-17,West,Clothing,169008,91165,217,4.17
2024-12-18,North,Furniture,5642,34495,89,2.68
2024-12-19,East,Groceries,40359,11234,492,4.15
2024-12-20,West,Clothing,76749,39860,407,3.79
2024-12-21,South,Groceries,68560,67988,78,3.03
2024-12-22,West,Electronics,81256,82579,309,3.13
2024-12-23,South,Groceries,57903,137991,118,4.27
2024-12-24,South,Clothing,171270,108803,424,3.06
2024-12-25,East,Groceries,185883,138519,475,3.36
2024-12-26,East,Furniture,171119,74702,399,3.44
2024-12-27,North,Clothing,47904,104393,258,4.4
2024-12-28,West,Groceries,181299,128977,150,2.98
2024-12-29,North,Electronics,11885,70916,178,2.7
2024-12-30,North,Furniture,141124,58228,223,2.96
2024-12-31,South,Groceries,56285,147176,434,4.28
2025-01-01,East,Clothing,176184,114197,393,2.63
2025-01-02,East,Clothing,140030,123830,83,3.89
2025-01-03,North,Clothing,118204,39464,168,3.76
2025-01-04,North,Electronics,50435,69518,68,3.44
2025-01-05,West,Electronics,161381,125709,124,3.37
2025-01-06,South,Furniture,50706,50030,397,3.85
2025-01-07,North,Furniture,41286,109698,325,2.65
2025-01-08,North,Electronics,108354,110466,46,3.31
2025-01-09,East,Clothing,171648,56841,257,3.54
2025-01-10,South,Electronics,86555,65436,158,2.85
2025-01-11,West,Electronics,89569,100567,112,3.81
2025-01-12,East,Electronics,127517,62762,175,3.27
2025-01-13,North,Clothing,127203,102258,41,2.66
2025-01-14,South,Groceries,64604,101569,360,2.82
2025-01-15,East,Furniture,172662,90262,406,3.32
2025-01-16,North,Clothing,197003,65097,398,4.15
2025-01-17,North,Groceries,28834,78541,101,4.5
2025-01-18,North,Clothing,160241,4009,14,3.72
2025-01-19,West,Groceries,133093,3128,453,2.62
2025-01-20,North,Groceries,119142,62784,286,4.02
2025-01-21,West,Furniture,161105,41234,259,4.76
2025-01-22,South,Clothing,93923,72346,438,2.63
2025-01-23,East,Furniture,42463,101042,14,3.37
2025-01-24,North,Furniture,157438,23837,445,2.54
2025-01-25,South,Electronics,73043,127947,112,3.94
2025-01-26,East,Groceries,163190,35299,128,2.76
2025-01-27,South,Electronics,183450,21015,277,4.85
2025-01-28,East,Furniture,155303,60655,309,3.52
2025-01-29,East,Furniture,44648,137208,274,4.05
2025-01-30,South,Furniture,181636,37319,132,3.32
2025-01-31,West,Electronics,184564,20762,269,3.34
2025-02-01,West,Furniture,120306,83517,296,2.53
2025-02-02,South,Furniture,180012,8800,304,4.67
2025-02-03,South,Furniture,48806,31712,209,3.17
2025-02-04,East,Furniture,43283,42562,487,3.12
2025-02-05,West,Electronics,47697,41493,449,3.4
2025-02-06,South,Electronics,88491,29532,219,2.96
2025-02-07,North,Groceries,112152,111190,302,3.28
2025-02-08,East,Furniture,100392,95675,92,3.2
2025-02-09,East,Clothing,55828,56805,19,4.94
2025-02-10,East,Electronics,180627,13865,220,4.69
2025-02-11,North,Electronics,64549,78520,394,3.21
2025-02-12,East,Groceries,138795,31630,41,4.6
2025-02-13,East,Furniture,78744,95142,201,2.6
2025-02-14,South,Electronics,138549,52657,363,3.92
2025-02-15,East,Groceries,41856,35166,307,4.66
2025-02-16,North,Clothing,6907,39546,24,3.04
2025-02-17,East,Clothing,104490,36793,318,2.9
2025-02-18,North,Clothing,90083,86699,371,4.49
2025-02-19,South,Furniture,10241,80669,207,4.13
2025-02-20,West,Electronics,194109,129084,150,4.94
2025-02-21,West,Electronics,119631,103579,457,2.9
2025-02-22,West,Clothing,18334,92827,84,2.87
2025-02-23,North,Furniture,110958,12492,38,2.64
2025-02-24,East,Furniture,28855,129017,426,3.31
2025-02-25,North,Furniture,173963,45290,207,2.62
2025-02-26,South,Groceries,66001,79779,391,4.03
2025-02-27,North,Clothing,179041,139135,174,2.71
2025-02-28,South,Furniture,143766,66081,374,3.64
2025-03-01,South,Electronics,123349,124152,358,3.79
2025-03-02,North,Clothing,88753,79318,107,2.72
2025-03-03,West,Groceries,72016,82218,105,4.23
2025-03-04,West,Furniture,144112,69066,123,4.98
2025-03-05,East,Electronics,16750,72748,28,3.47
2025-03-06,East,Electronics,100390,97292,397,3.79
2025-03-07,East,Groceries,199151,23647,255,3.44
2025-03-08,East,Furniture,138396,15635,218,4.95
2025-03-09,South,Electronics,155760,83687,377,4.63
2025-03-10,East,Clothing,15585,119449,31,4.92
2025-03-11,South,Clothing,23627,110138,435,3.47
2025-03-12,East,Clothing,123917,115158,102,3.29
2025-03-13,South,Furniture,84031,65270,483,2.54
2025-03-14,West,Clothing,28688,121819,77,2.69
2025-03-15,West,Electronics,197733,83991,370,4.89
2025-03-16,North,Clothing,5781,29436,479,3.96
2025-03-17,North,Clothing,53120,78720,144,3.62
2025-03-18,West,Groceries,194934,90681,71,2.89
2025-03-19,South,Furniture,199599,131883,93,4.85
2025-03-20,East,Furniture,176243,41366,323,2.6
2025-03-21,North,Furniture,149688,98556,140,4.12
2025-03-22,North,Groceries,76782,126102,138,4.0
2025-03-23,North,Furniture,121253,90879,346,4.33
2025-03-24,South,Groceries,19860,76841,101,4.36
2025-03-25,South,Electronics,89537,103700,282,4.19
2025-03-26,East,Electronics,125715,128576,110,3.88
2025-03-27,West,Electronics,122825,3074,219,3.58
2025-03-28,West,Groceries,103901,77334,477,4.5
2025-03-29,West,Furniture,184419,15723,16,2.83
2025-03-30,North,Electronics,163940,135319,123,3.21
2025-03-31,North,Clothing,129513,67747,274,4.45
2025-04-01,South,Furniture,52372,30551,297,4.72
2025-04-02,West,Furniture,95073,19211,331,4.16
2025-04-03,South,Groceries,16398,28506,341,2.62
2025-04-04,West,Electronics,153603,70607,285,4.58
2025-04-05,South,Clothing,179474,85242,299,4.92
2025-04-06,West,Furniture,21537,88330,414,3.65
2025-04-07,South,Electronics,20229,99909,225,3.48
2025-04-08,East,Groceries,123227,63550,237,3.38
2025-04-09,West,Clothing,41566,57864,473,4.02
2025-04-10,West,Clothing,146360,149886,39,2.92
2025-04-11,East,Electronics,142894,84434,452,2.84
2025-04-12,South,Groceries,99429,26869,333,4.98
2025-04-13,East,Furniture,79336,65296,56,3.75
2025-04-14,West,Clothing,112516,95069,183,3.79
2025-04-15,East,Groceries,162254,39104,186,3.25
2025-04-16,South,Electronics,85056,92641,167,2.61
2025-04-17,South,Furniture,116949,67709,184,2.66
2025-04-18,North,Furniture,69270,27984,322,2.65
2025-04-19,North,Furniture,147849,10701,392,4.26
2025-04-20,West,Electronics,129958,101698,418,4.45
2025-04-21,East,Electronics,42073,98341,467,4.88
2025-04-22,East,Furniture,98154,5150,179,4.95
2025-04-23,West,Electronics,195305,52917,194,2.88
2025-04-24,West,Clothing,110531,96847,95,2.54
2025-04-25,South,Electronics,182600,139080,69,4.21
2025-04-26,East,Groceries,52187,110784,496,3.23
2025-04-27,West,Groceries,44530,47493,276,4.81
2025-04-28,North,Furniture,119949,10732,64,3.72
2025-04-29,North,Clothing,162736,83519,85,3.6
2025-04-30,South,Electronics,199497,80298,187,3.55
2025-05-01,North,Clothing,96962,149536,20,3.27
2025-05-02,North,Furniture,164055,69370,379,3.91
2025-05-03,South,Electronics,90775,37880,260,2.96
2025-05-04,East,Groceries,109501,123057,169,4.94
2025-05-05,West,Clothing,128985,89601,396,4.52
2025-05-06,North,Electronics,173713,4843,270,4.63
2025-05-07,North,Clothing,52393,28487,87,4.86
2025-05-08,East,Clothing,198145,114009,184,4.21
2025-05-09,South,Furniture,48558,127334,446,4.75
2025-05-10,West,Furniture,185480,44264,247,4.35
2025-05-11,South,Furniture,78536,112875,354,3.69
2025-05-12,South,Furniture,71685,6820,291,2.55
2025-05-13,South,Electronics,32014,3143,325,3.79
2025-05-14,East,Clothing,37476,54264,144,3.85
